URL,Search Engine,Keyword,Date
https://www.bing.com/ck/a?!&&p=d4d67217f084967d4d5a162ee205b4fa3bcf7c3bf4f05eb0745f906a307ae4abJmltdHM9MTc1OTg4MTYwMA&ptn=3&ver=2&hsh=4&fclid=26da21d8-c195-69af-1980-37a7c0d46877&psq=%7bkeyword.replace(%27+%27%2c+%27+%27)%7d&u=a1aHR0cHM6Ly9zdXBwb3J0Lmdvb2dsZS5jb20vZ29vZ2xlLWFkcy9hbnN3ZXIvNzMzNzI0Mz9obD1lbg&ntb=1,Bing,marketing strategies,2025-10-08
https://www.bing.com/ck/a?!&&p=cb47a0e3ee5a690c32dea8c0cdb1cc8fc2726f20cd8167ed8bbcdacae0c29a94JmltdHM9MTc1OTg4MTYwMA&ptn=3&ver=2&hsh=4&fclid=26da21d8-c195-69af-1980-37a7c0d46877&psq=%7bkeyword.replace(%27+%27%2c+%27+%27)%7d&u=a1aHR0cHM6Ly9zdXBwb3J0Lmdvb2dsZS5jb20vZ29vZ2xlLWFkcy9hbnN3ZXIvMjQ1NDA0MT9obD1lbg&ntb=1,Bing,marketing strategies,2025-10-08
https://www.bing.com/ck/a?!&&p=3140669e9f57da29b4cfb241a88c2d2373a4e65a00ba88c6fa87f86d6b33d8f0JmltdHM9MTc1OTg4MTYwMA&ptn=3&ver=2&hsh=4&fclid=26da21d8-c195-69af-1980-37a7c0d46877&psq=%7bkeyword.replace(%27+%27%2c+%27+%27)%7d&u=a1aHR0cHM6Ly9zdXBwb3J0Lmdvb2dsZS5jb20vZ29vZ2xlLWFkcy9hbnN3ZXIvNzMzNzI0Mz9obD1lbi1BVQ&ntb=1,Bing,marketing strategies,2025-10-08
https://www.bing.com/ck/a?!&&p=8a194315d551b5de8494be40590fa7a5bd01999e3ac1fef70ebbc24f316cc3a0JmltdHM9MTc1OTg4MTYwMA&ptn=3&ver=2&hsh=4&fclid=26da21d8-c195-69af-1980-37a7c0d46877&psq=%7bkeyword.replace(%27+%27%2c+%27+%27)%7d&u=a1aHR0cHM6Ly9zdXBwb3J0Lmdvb2dsZS5jb20vZ29vZ2xlLWFkcy9hbnN3ZXIvMjQ1Mzk4MT9obD1kZQ&ntb=1,Bing,marketing strategies,2025-10-08
https://www.bing.com/ck/a?!&&p=a1ec9547f2f238ea2b9672ad24a9854ff9660c0da04373f6175468b9fa7324edJmltdHM9MTc1OTg4MTYwMA&ptn=3&ver=2&hsh=4&fclid=26da21d8-c195-69af-1980-37a7c0d46877&psq=%7bkeyword.replace(%27+%27%2c+%27+%27)%7d&u=a1aHR0cHM6Ly9zdXBwb3J0Lmdvb2dsZS5jb20vZ29vZ2xlLWFkcy9hbnN3ZXIvNzMzNzI0Mz9obD1mcg&ntb=1,Bing,marketing strategies,2025-10-08
https://www.bing.com/ck/a?!&&p=192858ea252edf6f7b739da37a189e1732b6bee0b3a6ed3c9e26fa0b426f02dbJmltdHM9MTc1OTg4MTYwMA&ptn=3&ver=2&hsh=4&fclid=26da21d8-c195-69af-1980-37a7c0d46877&psq=%7bkeyword.replace(%27+%27%2c+%27+%27)%7d&u=a1aHR0cHM6Ly9zdXBwb3J0Lmdvb2dsZS5jb20vZ29vZ2xlLWFkcy9hbnN3ZXIvNzMzNzI0Mz9obD1lcw&ntb=1,Bing,marketing strategies,2025-10-08
https://www.bing.com/ck/a?!&&p=e1e4e7dc1b93da6861b126e20287c6086da84a4a90d3e4bc66a2d3e1ab40fffcJmltdHM9MTc1OTg4MTYwMA&ptn=3&ver=2&hsh=4&fclid=26da21d8-c195-69af-1980-37a7c0d46877&psq=%7bkeyword.replace(%27+%27%2c+%27+%27)%7d&u=a1aHR0cHM6Ly9zdXBwb3J0Lmdvb2dsZS5jb20vZ29vZ2xlLWFkcy9hbnN3ZXIvNjMyMz9obD1lbg&ntb=1,Bing,marketing strategies,2025-10-08
https://www.bing.com/ck/a?!&&p=fc1febd6381e43e7334e7a0381e8b9f7a705a3f6b14a2e4d8bcaf7f13aa8dc1eJmltdHM9MTc1OTg4MTYwMA&ptn=3&ver=2&hsh=4&fclid=26da21d8-c195-69af-1980-37a7c0d46877&psq=%7bkeyword.replace(%27+%27%2c+%27+%27)%7d&u=a1aHR0cHM6Ly9zdXBwb3J0Lmdvb2dsZS5jb20vZGlzcGxheXZpZGVvL2Fuc3dlci8yNjk3ODI1P2hsPWVu&ntb=1,Bing,marketing strategies,2025-10-08
https://www.bing.com/ck/a?!&&p=b69084a8133c5b59b28317f1f143304f2d7139c224e62244ca2ee3fefe5fb5b5JmltdHM9MTc1OTg4MTYwMA&ptn=3&ver=2&hsh=4&fclid=26da21d8-c195-69af-1980-37a7c0d46877&psq=%7bkeyword.replace(%27+%27%2c+%27+%27)%7d&u=a1aHR0cHM6Ly9zdXBwb3J0Lmdvb2dsZS5jb20vZ29vZ2xlLWFkcy9hbnN3ZXIvMTcwNDM3MT9obD1lbg&ntb=1,Bing,marketing strategies,2025-10-08
https://www.bing.com/ck/a?!&&p=b776c90e74a634698a752b05d7b9eed8bc31b77b5d6a17f4f8c36e75c3d8730fJmltdHM9MTc1OTg4MTYwMA&ptn=3&ver=2&hsh=4&fclid=26da21d8-c195-69af-1980-37a7c0d46877&psq=%7bkeyword.replace(%27+%27%2c+%27+%27)%7d&u=a1aHR0cHM6Ly9zdXBwb3J0Lmdvb2dsZS5jb20vZ29vZ2xlLWFkcy9hbnN3ZXIvNjMyNTAyNT9obD1lbg&ntb=1,Bing,marketing strategies,2025-10-08
https://www.bing.com/ck/a?!&&p=f3b7f5c7ab6a87c02e887a93073ea60ad0e1213d53499f4ff8ea4a1fd546018fJmltdHM9MTc1OTg4MTYwMA&ptn=3&ver=2&hsh=4&fclid=2650d0cd-db74-69cc-1628-c6b2daba6868&u=a1aHR0cHM6Ly9zdXBwb3J0Lmdvb2dsZS5jb20vZ29vZ2xlLWFkcy9hbnN3ZXIvNzMzNzI0Mz9obD1lbg&ntb=1,Bing,content creation,2025-10-08
https://www.bing.com/ck/a?!&&p=c8a33c1c45760675d5d56bca9957cd0573267a419f375f0c5a6f038bfb109471JmltdHM9MTc1OTg4MTYwMA&ptn=3&ver=2&hsh=4&fclid=2650d0cd-db74-69cc-1628-c6b2daba6868&u=a1aHR0cHM6Ly9zdXBwb3J0Lmdvb2dsZS5jb20vZ29vZ2xlLWFkcy9hbnN3ZXIvMjQ1NDA0MT9obD1lbg&ntb=1,Bing,content creation,2025-10-08
https://www.bing.com/ck/a?!&&p=3e89622540ff5305fbc6fb1fdf321729eadfb0c04bc4d2e4bd4ec7746b6aecb2JmltdHM9MTc1OTg4MTYwMA&ptn=3&ver=2&hsh=4&fclid=2650d0cd-db74-69cc-1628-c6b2daba6868&u=a1aHR0cHM6Ly9zdXBwb3J0Lmdvb2dsZS5jb20vZ29vZ2xlLWFkcy9hbnN3ZXIvNzMzNzI0Mz9obD1lbi1BVQ&ntb=1,Bing,content creation,2025-10-08
https://www.bing.com/ck/a?!&&p=967fe433bbb92a4e15b7d99508b3270d4d19418684e23d4ffccbb13da57abd47JmltdHM9MTc1OTg4MTYwMA&ptn=3&ver=2&hsh=4&fclid=2650d0cd-db74-69cc-1628-c6b2daba6868&u=a1aHR0cHM6Ly9zdXBwb3J0Lmdvb2dsZS5jb20vZ29vZ2xlLWFkcy9hbnN3ZXIvMjQ1Mzk4MT9obD1kZQ&ntb=1,Bing,content creation,2025-10-08
https://www.bing.com/ck/a?!&&p=527736c27cf1d3f5fd53b2ae412e4484d428a8d0ef1229f2a916fa2a3dbea7b0JmltdHM9MTc1OTg4MTYwMA&ptn=3&ver=2&hsh=4&fclid=2650d0cd-db74-69cc-1628-c6b2daba6868&u=a1aHR0cHM6Ly9zdXBwb3J0Lmdvb2dsZS5jb20vZ29vZ2xlLWFkcy9hbnN3ZXIvNzMzNzI0Mz9obD1mcg&ntb=1,Bing,content creation,2025-10-08
https://www.bing.com/ck/a?!&&p=c5569a5ca7961d0e8059af478bfea931ab61d467f48738c9dfce7467edd258feJmltdHM9MTc1OTg4MTYwMA&ptn=3&ver=2&hsh=4&fclid=2650d0cd-db74-69cc-1628-c6b2daba6868&u=a1aHR0cHM6Ly9zdXBwb3J0Lmdvb2dsZS5jb20vZ29vZ2xlLWFkcy9hbnN3ZXIvNzMzNzI0Mz9obD1lcw&ntb=1,Bing,content creation,2025-10-08
https://www.bing.com/ck/a?!&&p=f34438fb54686b9c0c3b0a0424fddc3eb7f8d8fad1c56497a8e596ac59477088JmltdHM9MTc1OTg4MTYwMA&ptn=3&ver=2&hsh=4&fclid=2650d0cd-db74-69cc-1628-c6b2daba6868&u=a1aHR0cHM6Ly9zdXBwb3J0Lmdvb2dsZS5jb20vZ29vZ2xlLWFkcy9hbnN3ZXIvNjMyMz9obD1lbg&ntb=1,Bing,content creation,2025-10-08
https://www.bing.com/ck/a?!&&p=cfd268f8e932a01c506901eaa13d63e42a3fae8fcce6bcc5c320a4bd627d51e2JmltdHM9MTc1OTg4MTYwMA&ptn=3&ver=2&hsh=4&fclid=2650d0cd-db74-69cc-1628-c6b2daba6868&u=a1aHR0cHM6Ly9zdXBwb3J0Lmdvb2dsZS5jb20vZGlzcGxheXZpZGVvL2Fuc3dlci8yNjk3ODI1P2hsPWVu&ntb=1,Bing,content creation,2025-10-08
https://www.bing.com/ck/a?!&&p=ce9b3f991cfd59eaf084f423275762ec5b99d7e0ed82b143a853c116f8a14234JmltdHM9MTc1OTg4MTYwMA&ptn=3&ver=2&hsh=4&fclid=2650d0cd-db74-69cc-1628-c6b2daba6868&u=a1aHR0cHM6Ly9zdXBwb3J0Lmdvb2dsZS5jb20vZ29vZ2xlLWFkcy9hbnN3ZXIvMTcwNDM3MT9obD1lbg&ntb=1,Bing,content creation,2025-10-08
https://www.bing.com/ck/a?!&&p=f5a0bd2dc1f9c961d27cdc3b0de64605c3ba68bdc98b949daa06af7ed6e1edb5JmltdHM9MTc1OTg4MTYwMA&ptn=3&ver=2&hsh=4&fclid=2650d0cd-db74-69cc-1628-c6b2daba6868&u=a1aHR0cHM6Ly9zdXBwb3J0Lmdvb2dsZS5jb20vZ29vZ2xlLWFkcy9hbnN3ZXIvNjMyNTAyNT9obD1lbg&ntb=1,Bing,content creation,2025-10-08
https://in.news.search.yahoo.com/search;_ylt=AwrKAlgVkuZoHgIA41m7HAx.;_ylu=Y29sbwNzZzMEcG9zAzEEdnRpZAMEc2VjA3BpdnM-?p=%7Bkeyword.replace%28%27+%27%2C+%27+%27%29%7D&fr2=piv-web,Yahoo,blogging tips,2025-10-08
https://in.search.yahoo.com/search;_ylt=AwrKAlgVkuZoHgIA5Fm7HAx.;_ylu=Y29sbwNzZzMEcG9zAzEEdnRpZAMEc2VjA2ZpbHRlcg--?q=%7Bkeyword.replace(%27+%27%2C+%27+%27)%7D&fr2=time&btf=d,Yahoo,blogging tips,2025-10-08
https://in.search.yahoo.com/search;_ylt=AwrKAlgVkuZoHgIA5lm7HAx.;_ylu=Y29sbwNzZzMEcG9zAzEEdnRpZAMEc2VjA2ZpbHRlcg--?q=%7Bkeyword.replace(%27+%27%2C+%27+%27)%7D&fr2=time&btf=m,Yahoo,blogging tips,2025-10-08
https://r.search.yahoo.com/_ylt=AwrKAlgVkuZoHgIA6Vm7HAx.;_ylu=Y29sbwNzZzMEcG9zAzEEdnRpZAMEc2VjA3Ny/RV=2/RE=1761150741/RO=10/RU=https%3a%2f%2fwww.w3schools.com%2fpython%2fpython_intro.asp/RK=2/RS=g7T_jrMJFG0gU1XTMT3i9lY6LKs-,Yahoo,blogging tips,2025-10-08
https://r.search.yahoo.com/_ylt=AwrKAlgVkuZoHgIA.lm7HAx.;_ylu=Y29sbwNzZzMEcG9zAzIEdnRpZAMEc2VjA3Nj/RV=2/RE=1761150741/RO=10/RU=https%3a%2f%2fcoderivers.org%2fblog%2fhow-to-use-replace-in-python%2f/RK=2/RS=vOgPNDDqzXd.le0y8PgjyuOprtQ-,Yahoo,blogging tips,2025-10-08
https://in.search.yahoo.com/search;_ylt=AwrKAlgVkuZoHgIAEVq7HAx.;_ylu=Y29sbwNzZzMEcG9zAzEEdnRpZAMEc2VjA3JlbC1lYXN0?q=document+keyword+replace&fr2=p%3As%2Cv%3Aw%2Cm%3Aat-e%2Cct%3Auni,Yahoo,blogging tips,2025-10-08
https://in.news.search.yahoo.com/search;_ylt=Awr1SkwbkuZoJAIAw4i7HAx.;_ylu=Y29sbwNzZzMEcG9zAzEEdnRpZAMEc2VjA3BpdnM-?p=%7Bkeyword.replace%28%27+%27%2C+%27+%27%29%7D&fr2=piv-web,Yahoo,marketing strategies,2025-10-08
https://in.search.yahoo.com/search;_ylt=Awr1SkwbkuZoJAIAxIi7HAx.;_ylu=Y29sbwNzZzMEcG9zAzEEdnRpZAMEc2VjA2ZpbHRlcg--?q=%7Bkeyword.replace(%27+%27%2C+%27+%27)%7D&fr2=time&btf=d,Yahoo,marketing strategies,2025-10-08
https://in.search.yahoo.com/search;_ylt=Awr1SkwbkuZoJAIAxoi7HAx.;_ylu=Y29sbwNzZzMEcG9zAzEEdnRpZAMEc2VjA2ZpbHRlcg--?q=%7Bkeyword.replace(%27+%27%2C+%27+%27)%7D&fr2=time&btf=m,Yahoo,marketing strategies,2025-10-08
https://r.search.yahoo.com/_ylt=Awr1SkwbkuZoJAIAyYi7HAx.;_ylu=Y29sbwNzZzMEcG9zAzEEdnRpZAMEc2VjA3Ny/RV=2/RE=1761150747/RO=10/RU=https%3a%2f%2fwww.w3schools.com%2fpython%2fpython_intro.asp/RK=2/RS=5EB.EWgC2GxLGMDvm_nj2D2LbCc-,Yahoo,marketing strategies,2025-10-08
https://r.search.yahoo.com/_ylt=Awr1SkwbkuZoJAIA2oi7HAx.;_ylu=Y29sbwNzZzMEcG9zAzIEdnRpZAMEc2VjA3Nj/RV=2/RE=1761150747/RO=10/RU=https%3a%2f%2fcoderivers.org%2fblog%2fhow-to-use-replace-in-python%2f/RK=2/RS=PrwFvRj1V9v7PEIXqnc1uCxvazQ-,Yahoo,marketing strategies,2025-10-08
https://in.search.yahoo.com/search;_ylt=Awr1SkwbkuZoJAIA8Yi7HAx.;_ylu=Y29sbwNzZzMEcG9zAzEEdnRpZAMEc2VjA3JlbC1lYXN0?q=document+keyword+replace&fr2=p%3As%2Cv%3Aw%2Cm%3Aat-e%2Cct%3Auni,Yahoo,marketing strategies,2025-10-08
https://in.news.search.yahoo.com/search;_ylt=Awrx_Y4fkuZo9QEA49a7HAx.;_ylu=Y29sbwNzZzMEcG9zAzEEdnRpZAMEc2VjA3BpdnM-?p=%7Bkeyword.replace%28%27+%27%2C+%27+%27%29%7D&fr2=piv-web,Yahoo,content creation,2025-10-08
https://in.search.yahoo.com/search;_ylt=Awrx_Y4fkuZo9QEA5Na7HAx.;_ylu=Y29sbwNzZzMEcG9zAzEEdnRpZAMEc2VjA2ZpbHRlcg--?q=%7Bkeyword.replace(%27+%27%2C+%27+%27)%7D&fr2=time&btf=d,Yahoo,content creation,2025-10-08
https://in.search.yahoo.com/search;_ylt=Awrx_Y4fkuZo9QEA5ta7HAx.;_ylu=Y29sbwNzZzMEcG9zAzEEdnRpZAMEc2VjA2ZpbHRlcg--?q=%7Bkeyword.replace(%27+%27%2C+%27+%27)%7D&fr2=time&btf=m,Yahoo,content creation,2025-10-08
https://r.search.yahoo.com/_ylt=Awrx_Y4fkuZo9QEA6da7HAx.;_ylu=Y29sbwNzZzMEcG9zAzEEdnRpZAMEc2VjA3Ny/RV=2/RE=1761150752/RO=10/RU=https%3a%2f%2fwww.w3schools.com%2fpython%2fpython_intro.asp/RK=2/RS=wuGxNljbih5poSMSDUQ8Inx2m6Y-,Yahoo,content creation,2025-10-08
https://r.search.yahoo.com/_ylt=Awrx_Y4fkuZo9QEA.ta7HAx.;_ylu=Y29sbwNzZzMEcG9zAzIEdnRpZAMEc2VjA3Nj/RV=2/RE=1761150752/RO=10/RU=https%3a%2f%2fcoderivers.org%2fblog%2fhow-to-use-replace-in-python%2f/RK=2/RS=wnnVNnhX9kVMJTBGqlnxVEG4_vk-,Yahoo,content creation,2025-10-08
https://in.search.yahoo.com/search;_ylt=Awrx_Y4fkuZo9QEAEde7HAx.;_ylu=Y29sbwNzZzMEcG9zAzEEdnRpZAMEc2VjA3JlbC1lYXN0?q=document+keyword+replace&fr2=p%3As%2Cv%3Aw%2Cm%3Aat-e%2Cct%3Auni,Yahoo,content creation,2025-10-08
